Week of Date,Year of Date,Year of Event Date (Hospital Admissions),Date Range End,Date Range Start,Date,Location Title,Max. Bar size,Current Year Timeseries,Total
Week 1,2021,2021,4/5/2025,7/18/2020,1/2/2021,Statewide,1,,
Week 1,2021,2021,4/5/2025,7/18/2020,1/2/2021,Statewide,1,,"2,303"
Week 1,2022,2022,4/5/2025,7/18/2020,1/1/2022,Statewide,1,,
Week 1,2022,2022,4/5/2025,7/18/2020,1/1/2022,Statewide,1,,"2,706"
Week 1,2023,2023,4/5/2025,7/18/2020,1/7/2023,Statewide,1,,
Week 1,2023,2023,4/5/2025,7/18/2020,1/7/2023,Statewide,1,,"1,058"
Week 1,2024,2024,4/5/2025,7/18/2020,1/6/2024,Statewide,1,,
Week 1,2024,2024,4/5/2025,7/18/2020,1/6/2024,Statewide,1,,989
Week 1,2025,2025,4/5/2025,7/18/2020,1/4/2025,Statewide,1,,77
Week 1,2025,2025,4/5/2025,7/18/2020,1/4/2025,Statewide,1,77.0,
Week 2,2021,2021,4/5/2025,7/18/2020,1/9/2021,Statewide,1,,
Week 2,2021,2021,4/5/2025,7/18/2020,1/9/2021,Statewide,1,,"2,363"
Week 2,2022,2022,4/5/2025,7/18/2020,1/8/2022,Statewide,1,,
Week 2,2022,2022,4/5/2025,7/18/2020,1/8/2022,Statewide,1,,"3,170"
Week 2,2023,2023,4/5/2025,7/18/2020,1/14/2023,Statewide,1,,
Week 2,2023,2023,4/5/2025,7/18/2020,1/14/2023,Statewide,1,,612
Week 2,2024,2024,4/5/2025,7/18/2020,1/13/2024,Statewide,1,,
Week 2,2024,2024,4/5/2025,7/18/2020,1/13/2024,Statewide,1,,870
Week 2,2025,2025,4/5/2025,7/18/2020,1/11/2025,Statewide,1,,90
Week 2,2025,2025,4/5/2025,7/18/2020,1/11/2025,Statewide,1,90.0,
Week 3,2021,2021,4/5/2025,7/18/2020,1/16/2021,Statewide,1,,
Week 3,2021,2021,4/5/2025,7/18/2020,1/16/2021,Statewide,1,,"2,070"
Week 3,2022,2022,4/5/2025,7/18/2020,1/15/2022,Statewide,1,,
Week 3,2022,2022,4/5/2025,7/18/2020,1/15/2022,Statewide,1,,"3,146"
Week 3,2023,2023,4/5/2025,7/18/2020,1/21/2023,Statewide,1,,
Week 3,2023,2023,4/5/2025,7/18/2020,1/21/2023,Statewide,1,,569
Week 3,2024,2024,4/5/2025,7/18/2020,1/20/2024,Statewide,1,,
Week 3,2024,2024,4/5/2025,7/18/2020,1/20/2024,Statewide,1,,629
Week 3,2025,2025,4/5/2025,7/18/2020,1/18/2025,Statewide,1,,70
Week 3,2025,2025,4/5/2025,7/18/2020,1/18/2025,Statewide,1,70.0,
Week 4,2021,2021,4/5/2025,7/18/2020,1/23/2021,Statewide,1,,
Week 4,2021,2021,4/5/2025,7/18/2020,1/23/2021,Statewide,1,,"1,751"
Week 4,2022,2022,4/5/2025,7/18/2020,1/22/2022,Statewide,1,,
Week 4,2022,2022,4/5/2025,7/18/2020,1/22/2022,Statewide,1,,"3,073"
Week 4,2023,2023,4/5/2025,7/18/2020,1/28/2023,Statewide,1,,
Week 4,2023,2023,4/5/2025,7/18/2020,1/28/2023,Statewide,1,,598
Week 4,2024,2024,4/5/2025,7/18/2020,1/27/2024,Statewide,1,,
Week 4,2024,2024,4/5/2025,7/18/2020,1/27/2024,Statewide,1,,471
Week 4,2025,2025,4/5/2025,7/18/2020,1/25/2025,Statewide,1,,54
Week 4,2025,2025,4/5/2025,7/18/2020,1/25/2025,Statewide,1,54.0,
Week 5,2021,2021,4/5/2025,7/18/2020,1/30/2021,Statewide,1,,
Week 5,2021,2021,4/5/2025,7/18/2020,1/30/2021,Statewide,1,,"1,370"
Week 5,2022,2022,4/5/2025,7/18/2020,1/29/2022,Statewide,1,,
Week 5,2022,2022,4/5/2025,7/18/2020,1/29/2022,Statewide,1,,"2,572"
Week 5,2023,2023,4/5/2025,7/18/2020,2/4/2023,Statewide,1,,
Week 5,2023,2023,4/5/2025,7/18/2020,2/4/2023,Statewide,1,,448
Week 5,2024,2024,4/5/2025,7/18/2020,2/3/2024,Statewide,1,,
Week 5,2024,2024,4/5/2025,7/18/2020,2/3/2024,Statewide,1,,398
Week 5,2025,2025,4/5/2025,7/18/2020,2/1/2025,Statewide,1,,58
Week 5,2025,2025,4/5/2025,7/18/2020,2/1/2025,Statewide,1,58.0,
Week 6,2021,2021,4/5/2025,7/18/2020,2/6/2021,Statewide,1,,
Week 6,2021,2021,4/5/2025,7/18/2020,2/6/2021,Statewide,1,,"1,211"
Week 6,2022,2022,4/5/2025,7/18/2020,2/5/2022,Statewide,1,,
Week 6,2022,2022,4/5/2025,7/18/2020,2/5/2022,Statewide,1,,"2,058"
Week 6,2023,2023,4/5/2025,7/18/2020,2/11/2023,Statewide,1,,
Week 6,2023,2023,4/5/2025,7/18/2020,2/11/2023,Statewide,1,,565
Week 6,2024,2024,4/5/2025,7/18/2020,2/10/2024,Statewide,1,,
Week 6,2024,2024,4/5/2025,7/18/2020,2/10/2024,Statewide,1,,425
Week 6,2025,2025,4/5/2025,7/18/2020,2/8/2025,Statewide,1,,48
Week 6,2025,2025,4/5/2025,7/18/2020,2/8/2025,Statewide,1,48.0,
Week 7,2021,2021,4/5/2025,7/18/2020,2/13/2021,Statewide,1,,
Week 7,2021,2021,4/5/2025,7/18/2020,2/13/2021,Statewide,1,,961
Week 7,2022,2022,4/5/2025,7/18/2020,2/12/2022,Statewide,1,,
Week 7,2022,2022,4/5/2025,7/18/2020,2/12/2022,Statewide,1,,"1,639"
Week 7,2023,2023,4/5/2025,7/18/2020,2/18/2023,Statewide,1,,
Week 7,2023,2023,4/5/2025,7/18/2020,2/18/2023,Statewide,1,,559
Week 7,2024,2024,4/5/2025,7/18/2020,2/17/2024,Statewide,1,,
Week 7,2024,2024,4/5/2025,7/18/2020,2/17/2024,Statewide,1,,334
Week 7,2025,2025,4/5/2025,7/18/2020,2/15/2025,Statewide,1,,65
Week 7,2025,2025,4/5/2025,7/18/2020,2/15/2025,Statewide,1,65.0,
Week 8,2021,2021,4/5/2025,7/18/2020,2/20/2021,Statewide,1,,
Week 8,2021,2021,4/5/2025,7/18/2020,2/20/2021,Statewide,1,,788
Week 8,2022,2022,4/5/2025,7/18/2020,2/19/2022,Statewide,1,,
Week 8,2022,2022,4/5/2025,7/18/2020,2/19/2022,Statewide,1,,"1,088"
Week 8,2023,2023,4/5/2025,7/18/2020,2/25/2023,Statewide,1,,
Week 8,2023,2023,4/5/2025,7/18/2020,2/25/2023,Statewide,1,,496
Week 8,2024,2024,4/5/2025,7/18/2020,2/24/2024,Statewide,1,,
Week 8,2024,2024,4/5/2025,7/18/2020,2/24/2024,Statewide,1,,360
Week 8,2025,2025,4/5/2025,7/18/2020,2/22/2025,Statewide,1,,56
Week 8,2025,2025,4/5/2025,7/18/2020,2/22/2025,Statewide,1,56.0,
Week 9,2021,2021,4/5/2025,7/18/2020,2/27/2021,Statewide,1,,
Week 9,2021,2021,4/5/2025,7/18/2020,2/27/2021,Statewide,1,,663
Week 9,2022,2022,4/5/2025,7/18/2020,2/26/2022,Statewide,1,,
Week 9,2022,2022,4/5/2025,7/18/2020,2/26/2022,Statewide,1,,727
Week 9,2023,2023,4/5/2025,7/18/2020,3/4/2023,Statewide,1,,
Week 9,2023,2023,4/5/2025,7/18/2020,3/4/2023,Statewide,1,,461
Week 9,2024,2024,4/5/2025,7/18/2020,3/2/2024,Statewide,1,,
Week 9,2024,2024,4/5/2025,7/18/2020,3/2/2024,Statewide,1,,331
Week 9,2025,2025,4/5/2025,7/18/2020,3/1/2025,Statewide,1,,49
Week 9,2025,2025,4/5/2025,7/18/2020,3/1/2025,Statewide,1,49.0,
Week 10,2021,2021,4/5/2025,7/18/2020,3/6/2021,Statewide,1,,
Week 10,2021,2021,4/5/2025,7/18/2020,3/6/2021,Statewide,1,,565
Week 10,2022,2022,4/5/2025,7/18/2020,3/5/2022,Statewide,1,,
Week 10,2022,2022,4/5/2025,7/18/2020,3/5/2022,Statewide,1,,553
Week 10,2023,2023,4/5/2025,7/18/2020,3/11/2023,Statewide,1,,
Week 10,2023,2023,4/5/2025,7/18/2020,3/11/2023,Statewide,1,,424
Week 10,2024,2024,4/5/2025,7/18/2020,3/9/2024,Statewide,1,,
Week 10,2024,2024,4/5/2025,7/18/2020,3/9/2024,Statewide,1,,328
Week 10,2025,2025,4/5/2025,7/18/2020,3/8/2025,Statewide,1,,36
Week 10,2025,2025,4/5/2025,7/18/2020,3/8/2025,Statewide,1,36.0,
Week 11,2021,2021,4/5/2025,7/18/2020,3/13/2021,Statewide,1,,
Week 11,2021,2021,4/5/2025,7/18/2020,3/13/2021,Statewide,1,,559
Week 11,2022,2022,4/5/2025,7/18/2020,3/12/2022,Statewide,1,,
Week 11,2022,2022,4/5/2025,7/18/2020,3/12/2022,Statewide,1,,438
Week 11,2023,2023,4/5/2025,7/18/2020,3/18/2023,Statewide,1,,
Week 11,2023,2023,4/5/2025,7/18/2020,3/18/2023,Statewide,1,,372
Week 11,2024,2024,4/5/2025,7/18/2020,3/16/2024,Statewide,1,,
Week 11,2024,2024,4/5/2025,7/18/2020,3/16/2024,Statewide,1,,249
Week 11,2025,2025,4/5/2025,7/18/2020,3/15/2025,Statewide,1,,28
Week 11,2025,2025,4/5/2025,7/18/2020,3/15/2025,Statewide,1,28.0,
Week 12,2021,2021,4/5/2025,7/18/2020,3/20/2021,Statewide,1,,
Week 12,2021,2021,4/5/2025,7/18/2020,3/20/2021,Statewide,1,,521
Week 12,2022,2022,4/5/2025,7/18/2020,3/19/2022,Statewide,1,,
Week 12,2022,2022,4/5/2025,7/18/2020,3/19/2022,Statewide,1,,317
Week 12,2023,2023,4/5/2025,7/18/2020,3/25/2023,Statewide,1,,
Week 12,2023,2023,4/5/2025,7/18/2020,3/25/2023,Statewide,1,,363
Week 12,2024,2024,4/5/2025,7/18/2020,3/23/2024,Statewide,1,,
Week 12,2024,2024,4/5/2025,7/18/2020,3/23/2024,Statewide,1,,265
Week 12,2025,2025,4/5/2025,7/18/2020,3/22/2025,Statewide,1,,17
Week 12,2025,2025,4/5/2025,7/18/2020,3/22/2025,Statewide,1,17.0,
Week 13,2021,2021,4/5/2025,7/18/2020,3/27/2021,Statewide,1,,
Week 13,2021,2021,4/5/2025,7/18/2020,3/27/2021,Statewide,1,,636
Week 13,2022,2022,4/5/2025,7/18/2020,3/26/2022,Statewide,1,,
Week 13,2022,2022,4/5/2025,7/18/2020,3/26/2022,Statewide,1,,275
Week 13,2023,2023,4/5/2025,7/18/2020,4/1/2023,Statewide,1,,
Week 13,2023,2023,4/5/2025,7/18/2020,4/1/2023,Statewide,1,,305
Week 13,2024,2024,4/5/2025,7/18/2020,3/30/2024,Statewide,1,,
Week 13,2024,2024,4/5/2025,7/18/2020,3/30/2024,Statewide,1,,194
Week 13,2025,2025,4/5/2025,7/18/2020,3/29/2025,Statewide,1,,29
Week 13,2025,2025,4/5/2025,7/18/2020,3/29/2025,Statewide,1,29.0,
Week 14,2021,2021,4/5/2025,7/18/2020,4/3/2021,Statewide,1,,
Week 14,2021,2021,4/5/2025,7/18/2020,4/3/2021,Statewide,1,,703
Week 14,2022,2022,4/5/2025,7/18/2020,4/2/2022,Statewide,1,,
Week 14,2022,2022,4/5/2025,7/18/2020,4/2/2022,Statewide,1,,278
Week 14,2023,2023,4/5/2025,7/18/2020,4/8/2023,Statewide,1,,
Week 14,2023,2023,4/5/2025,7/18/2020,4/8/2023,Statewide,1,,310
Week 14,2024,2024,4/5/2025,7/18/2020,4/6/2024,Statewide,1,,
Week 14,2024,2024,4/5/2025,7/18/2020,4/6/2024,Statewide,1,,212
Week 14,2025,2025,4/5/2025,7/18/2020,4/5/2025,Statewide,1,,18
Week 14,2025,2025,4/5/2025,7/18/2020,4/5/2025,Statewide,1,18.0,
Week 15,2021,2021,4/5/2025,7/18/2020,4/10/2021,Statewide,1,,
Week 15,2021,2021,4/5/2025,7/18/2020,4/10/2021,Statewide,1,,766
Week 15,2022,2022,4/5/2025,7/18/2020,4/9/2022,Statewide,1,,
Week 15,2022,2022,4/5/2025,7/18/2020,4/9/2022,Statewide,1,,222
Week 15,2023,2023,4/5/2025,7/18/2020,4/15/2023,Statewide,1,,
Week 15,2023,2023,4/5/2025,7/18/2020,4/15/2023,Statewide,1,,279
Week 15,2024,2024,4/5/2025,7/18/2020,4/13/2024,Statewide,1,,
Week 15,2024,2024,4/5/2025,7/18/2020,4/13/2024,Statewide,1,,171
Week 16,2021,2021,4/5/2025,7/18/2020,4/17/2021,Statewide,1,,
Week 16,2021,2021,4/5/2025,7/18/2020,4/17/2021,Statewide,1,,780
Week 16,2022,2022,4/5/2025,7/18/2020,4/16/2022,Statewide,1,,
Week 16,2022,2022,4/5/2025,7/18/2020,4/16/2022,Statewide,1,,255
Week 16,2023,2023,4/5/2025,7/18/2020,4/22/2023,Statewide,1,,
Week 16,2023,2023,4/5/2025,7/18/2020,4/22/2023,Statewide,1,,210
Week 16,2024,2024,4/5/2025,7/18/2020,4/20/2024,Statewide,1,,
Week 16,2024,2024,4/5/2025,7/18/2020,4/20/2024,Statewide,1,,135
Week 17,2021,2021,4/5/2025,7/18/2020,4/24/2021,Statewide,1,,
Week 17,2021,2021,4/5/2025,7/18/2020,4/24/2021,Statewide,1,,824
Week 17,2022,2022,4/5/2025,7/18/2020,4/23/2022,Statewide,1,,
Week 17,2022,2022,4/5/2025,7/18/2020,4/23/2022,Statewide,1,,309
Week 17,2023,2023,4/5/2025,7/18/2020,4/29/2023,Statewide,1,,
Week 17,2023,2023,4/5/2025,7/18/2020,4/29/2023,Statewide,1,,163
Week 17,2024,2024,4/5/2025,7/18/2020,4/27/2024,Statewide,1,,
Week 17,2024,2024,4/5/2025,7/18/2020,4/27/2024,Statewide,1,,52
Week 18,2021,2021,4/5/2025,7/18/2020,5/1/2021,Statewide,1,,
Week 18,2021,2021,4/5/2025,7/18/2020,5/1/2021,Statewide,1,,828
Week 18,2022,2022,4/5/2025,7/18/2020,4/30/2022,Statewide,1,,
Week 18,2022,2022,4/5/2025,7/18/2020,4/30/2022,Statewide,1,,375
Week 18,2023,2023,4/5/2025,7/18/2020,5/6/2023,Statewide,1,,
Week 18,2023,2023,4/5/2025,7/18/2020,5/6/2023,Statewide,1,,203
Week 18,2024,2024,4/5/2025,7/18/2020,5/4/2024,Statewide,1,,
Week 18,2024,2024,4/5/2025,7/18/2020,5/4/2024,Statewide,1,,46
Week 19,2021,2021,4/5/2025,7/18/2020,5/8/2021,Statewide,1,,
Week 19,2021,2021,4/5/2025,7/18/2020,5/8/2021,Statewide,1,,784
Week 19,2022,2022,4/5/2025,7/18/2020,5/7/2022,Statewide,1,,
Week 19,2022,2022,4/5/2025,7/18/2020,5/7/2022,Statewide,1,,410
Week 19,2023,2023,4/5/2025,7/18/2020,5/13/2023,Statewide,1,,
Week 19,2023,2023,4/5/2025,7/18/2020,5/13/2023,Statewide,1,,207
Week 19,2024,2024,4/5/2025,7/18/2020,5/11/2024,Statewide,1,,
Week 19,2024,2024,4/5/2025,7/18/2020,5/11/2024,Statewide,1,,47
Week 20,2021,2021,4/5/2025,7/18/2020,5/15/2021,Statewide,1,,
Week 20,2021,2021,4/5/2025,7/18/2020,5/15/2021,Statewide,1,,669
Week 20,2022,2022,4/5/2025,7/18/2020,5/14/2022,Statewide,1,,
Week 20,2022,2022,4/5/2025,7/18/2020,5/14/2022,Statewide,1,,511
Week 20,2023,2023,4/5/2025,7/18/2020,5/20/2023,Statewide,1,,
Week 20,2023,2023,4/5/2025,7/18/2020,5/20/2023,Statewide,1,,148
Week 20,2024,2024,4/5/2025,7/18/2020,5/18/2024,Statewide,1,,
Week 20,2024,2024,4/5/2025,7/18/2020,5/18/2024,Statewide,1,,25
Week 21,2021,2021,4/5/2025,7/18/2020,5/22/2021,Statewide,1,,
Week 21,2021,2021,4/5/2025,7/18/2020,5/22/2021,Statewide,1,,577
Week 21,2022,2022,4/5/2025,7/18/2020,5/21/2022,Statewide,1,,
Week 21,2022,2022,4/5/2025,7/18/2020,5/21/2022,Statewide,1,,517
Week 21,2023,2023,4/5/2025,7/18/2020,5/27/2023,Statewide,1,,
Week 21,2023,2023,4/5/2025,7/18/2020,5/27/2023,Statewide,1,,141
Week 21,2024,2024,4/5/2025,7/18/2020,5/25/2024,Statewide,1,,
Week 21,2024,2024,4/5/2025,7/18/2020,5/25/2024,Statewide,1,,39
Week 22,2021,2021,4/5/2025,7/18/2020,5/29/2021,Statewide,1,,
Week 22,2021,2021,4/5/2025,7/18/2020,5/29/2021,Statewide,1,,561
Week 22,2022,2022,4/5/2025,7/18/2020,5/28/2022,Statewide,1,,
Week 22,2022,2022,4/5/2025,7/18/2020,5/28/2022,Statewide,1,,577
Week 22,2023,2023,4/5/2025,7/18/2020,6/3/2023,Statewide,1,,
Week 22,2023,2023,4/5/2025,7/18/2020,6/3/2023,Statewide,1,,103
Week 22,2024,2024,4/5/2025,7/18/2020,6/1/2024,Statewide,1,,
Week 22,2024,2024,4/5/2025,7/18/2020,6/1/2024,Statewide,1,,29
Week 23,2021,2021,4/5/2025,7/18/2020,6/5/2021,Statewide,1,,
Week 23,2021,2021,4/5/2025,7/18/2020,6/5/2021,Statewide,1,,462
Week 23,2022,2022,4/5/2025,7/18/2020,6/4/2022,Statewide,1,,
Week 23,2022,2022,4/5/2025,7/18/2020,6/4/2022,Statewide,1,,694
Week 23,2023,2023,4/5/2025,7/18/2020,6/10/2023,Statewide,1,,
Week 23,2023,2023,4/5/2025,7/18/2020,6/10/2023,Statewide,1,,117
Week 23,2024,2024,4/5/2025,7/18/2020,6/8/2024,Statewide,1,,
Week 23,2024,2024,4/5/2025,7/18/2020,6/8/2024,Statewide,1,,37
Week 24,2021,2021,4/5/2025,7/18/2020,6/12/2021,Statewide,1,,
Week 24,2021,2021,4/5/2025,7/18/2020,6/12/2021,Statewide,1,,396
Week 24,2022,2022,4/5/2025,7/18/2020,6/11/2022,Statewide,1,,
Week 24,2022,2022,4/5/2025,7/18/2020,6/11/2022,Statewide,1,,560
Week 24,2023,2023,4/5/2025,7/18/2020,6/17/2023,Statewide,1,,
Week 24,2023,2023,4/5/2025,7/18/2020,6/17/2023,Statewide,1,,93
Week 24,2024,2024,4/5/2025,7/18/2020,6/15/2024,Statewide,1,,
Week 24,2024,2024,4/5/2025,7/18/2020,6/15/2024,Statewide,1,,54
Week 25,2021,2021,4/5/2025,7/18/2020,6/19/2021,Statewide,1,,
Week 25,2021,2021,4/5/2025,7/18/2020,6/19/2021,Statewide,1,,340
Week 25,2022,2022,4/5/2025,7/18/2020,6/18/2022,Statewide,1,,
Week 25,2022,2022,4/5/2025,7/18/2020,6/18/2022,Statewide,1,,627
Week 25,2023,2023,4/5/2025,7/18/2020,6/24/2023,Statewide,1,,
Week 25,2023,2023,4/5/2025,7/18/2020,6/24/2023,Statewide,1,,77
Week 25,2024,2024,4/5/2025,7/18/2020,6/22/2024,Statewide,1,,
Week 25,2024,2024,4/5/2025,7/18/2020,6/22/2024,Statewide,1,,49
Week 26,2021,2021,4/5/2025,7/18/2020,6/26/2021,Statewide,1,,
Week 26,2021,2021,4/5/2025,7/18/2020,6/26/2021,Statewide,1,,279
Week 26,2022,2022,4/5/2025,7/18/2020,6/25/2022,Statewide,1,,
Week 26,2022,2022,4/5/2025,7/18/2020,6/25/2022,Statewide,1,,627
Week 26,2023,2023,4/5/2025,7/18/2020,7/1/2023,Statewide,1,,
Week 26,2023,2023,4/5/2025,7/18/2020,7/1/2023,Statewide,1,,76
Week 26,2024,2024,4/5/2025,7/18/2020,6/29/2024,Statewide,1,,
Week 26,2024,2024,4/5/2025,7/18/2020,6/29/2024,Statewide,1,,37
Week 27,2021,2021,4/5/2025,7/18/2020,7/3/2021,Statewide,1,,
Week 27,2021,2021,4/5/2025,7/18/2020,7/3/2021,Statewide,1,,307
Week 27,2022,2022,4/5/2025,7/18/2020,7/2/2022,Statewide,1,,
Week 27,2022,2022,4/5/2025,7/18/2020,7/2/2022,Statewide,1,,731
Week 27,2023,2023,4/5/2025,7/18/2020,7/8/2023,Statewide,1,,
Week 27,2023,2023,4/5/2025,7/18/2020,7/8/2023,Statewide,1,,82
Week 27,2024,2024,4/5/2025,7/18/2020,7/6/2024,Statewide,1,,
Week 27,2024,2024,4/5/2025,7/18/2020,7/6/2024,Statewide,1,,35
Week 28,2021,2021,4/5/2025,7/18/2020,7/10/2021,Statewide,1,,
Week 28,2021,2021,4/5/2025,7/18/2020,7/10/2021,Statewide,1,,393
Week 28,2022,2022,4/5/2025,7/18/2020,7/9/2022,Statewide,1,,
Week 28,2022,2022,4/5/2025,7/18/2020,7/9/2022,Statewide,1,,818
Week 28,2023,2023,4/5/2025,7/18/2020,7/15/2023,Statewide,1,,
Week 28,2023,2023,4/5/2025,7/18/2020,7/15/2023,Statewide,1,,72
Week 28,2024,2024,4/5/2025,7/18/2020,7/13/2024,Statewide,1,,
Week 28,2024,2024,4/5/2025,7/18/2020,7/13/2024,Statewide,1,,62
Week 29,2020,2020,4/5/2025,7/18/2020,7/18/2020,Statewide,1,,
Week 29,2020,2020,4/5/2025,7/18/2020,7/18/2020,Statewide,1,,30
Week 29,2021,2021,4/5/2025,7/18/2020,7/17/2021,Statewide,1,,
Week 29,2021,2021,4/5/2025,7/18/2020,7/17/2021,Statewide,1,,452
Week 29,2022,2022,4/5/2025,7/18/2020,7/16/2022,Statewide,1,,
Week 29,2022,2022,4/5/2025,7/18/2020,7/16/2022,Statewide,1,,800
Week 29,2023,2023,4/5/2025,7/18/2020,7/22/2023,Statewide,1,,
Week 29,2023,2023,4/5/2025,7/18/2020,7/22/2023,Statewide,1,,73
Week 29,2024,2024,4/5/2025,7/18/2020,7/20/2024,Statewide,1,,
Week 29,2024,2024,4/5/2025,7/18/2020,7/20/2024,Statewide,1,,105
Week 30,2020,2020,4/5/2025,7/18/2020,7/25/2020,Statewide,1,,
Week 30,2020,2020,4/5/2025,7/18/2020,7/25/2020,Statewide,1,,305
Week 30,2021,2021,4/5/2025,7/18/2020,7/24/2021,Statewide,1,,
Week 30,2021,2021,4/5/2025,7/18/2020,7/24/2021,Statewide,1,,584
Week 30,2022,2022,4/5/2025,7/18/2020,7/23/2022,Statewide,1,,
Week 30,2022,2022,4/5/2025,7/18/2020,7/23/2022,Statewide,1,,886
Week 30,2023,2023,4/5/2025,7/18/2020,7/29/2023,Statewide,1,,
Week 30,2023,2023,4/5/2025,7/18/2020,7/29/2023,Statewide,1,,137
Week 30,2024,2024,4/5/2025,7/18/2020,7/27/2024,Statewide,1,,
Week 30,2024,2024,4/5/2025,7/18/2020,7/27/2024,Statewide,1,,121
Week 31,2020,2020,4/5/2025,7/18/2020,8/1/2020,Statewide,1,,
Week 31,2020,2020,4/5/2025,7/18/2020,8/1/2020,Statewide,1,,483
Week 31,2021,2021,4/5/2025,7/18/2020,7/31/2021,Statewide,1,,
Week 31,2021,2021,4/5/2025,7/18/2020,7/31/2021,Statewide,1,,808
Week 31,2022,2022,4/5/2025,7/18/2020,7/30/2022,Statewide,1,,
Week 31,2022,2022,4/5/2025,7/18/2020,7/30/2022,Statewide,1,,978
Week 31,2023,2023,4/5/2025,7/18/2020,8/5/2023,Statewide,1,,
Week 31,2023,2023,4/5/2025,7/18/2020,8/5/2023,Statewide,1,,156
Week 31,2024,2024,4/5/2025,7/18/2020,8/3/2024,Statewide,1,,
Week 31,2024,2024,4/5/2025,7/18/2020,8/3/2024,Statewide,1,,128
Week 32,2020,2020,4/5/2025,7/18/2020,8/8/2020,Statewide,1,,
Week 32,2020,2020,4/5/2025,7/18/2020,8/8/2020,Statewide,1,,551
Week 32,2021,2021,4/5/2025,7/18/2020,8/7/2021,Statewide,1,,
Week 32,2021,2021,4/5/2025,7/18/2020,8/7/2021,Statewide,1,,"1,033"
Week 32,2022,2022,4/5/2025,7/18/2020,8/6/2022,Statewide,1,,
Week 32,2022,2022,4/5/2025,7/18/2020,8/6/2022,Statewide,1,,996
Week 32,2023,2023,4/5/2025,7/18/2020,8/12/2023,Statewide,1,,
Week 32,2023,2023,4/5/2025,7/18/2020,8/12/2023,Statewide,1,,162
Week 32,2024,2024,4/5/2025,7/18/2020,8/10/2024,Statewide,1,,
Week 32,2024,2024,4/5/2025,7/18/2020,8/10/2024,Statewide,1,,158
Week 33,2020,2020,4/5/2025,7/18/2020,8/15/2020,Statewide,1,,
Week 33,2020,2020,4/5/2025,7/18/2020,8/15/2020,Statewide,1,,550
Week 33,2021,2021,4/5/2025,7/18/2020,8/14/2021,Statewide,1,,
Week 33,2021,2021,4/5/2025,7/18/2020,8/14/2021,Statewide,1,,"1,360"
Week 33,2022,2022,4/5/2025,7/18/2020,8/13/2022,Statewide,1,,
Week 33,2022,2022,4/5/2025,7/18/2020,8/13/2022,Statewide,1,,975
Week 33,2023,2023,4/5/2025,7/18/2020,8/19/2023,Statewide,1,,
Week 33,2023,2023,4/5/2025,7/18/2020,8/19/2023,Statewide,1,,217
Week 33,2024,2024,4/5/2025,7/18/2020,8/17/2024,Statewide,1,,
Week 33,2024,2024,4/5/2025,7/18/2020,8/17/2024,Statewide,1,,220
Week 34,2020,2020,4/5/2025,7/18/2020,8/22/2020,Statewide,1,,
Week 34,2020,2020,4/5/2025,7/18/2020,8/22/2020,Statewide,1,,550
Week 34,2021,2021,4/5/2025,7/18/2020,8/21/2021,Statewide,1,,
Week 34,2021,2021,4/5/2025,7/18/2020,8/21/2021,Statewide,1,,"1,673"
Week 34,2022,2022,4/5/2025,7/18/2020,8/20/2022,Statewide,1,,
Week 34,2022,2022,4/5/2025,7/18/2020,8/20/2022,Statewide,1,,936
Week 34,2023,2023,4/5/2025,7/18/2020,8/26/2023,Statewide,1,,
Week 34,2023,2023,4/5/2025,7/18/2020,8/26/2023,Statewide,1,,304
Week 34,2024,2024,4/5/2025,7/18/2020,8/24/2024,Statewide,1,,
Week 34,2024,2024,4/5/2025,7/18/2020,8/24/2024,Statewide,1,,252
Week 35,2020,2020,4/5/2025,7/18/2020,8/29/2020,Statewide,1,,
Week 35,2020,2020,4/5/2025,7/18/2020,8/29/2020,Statewide,1,,613
Week 35,2021,2021,4/5/2025,7/18/2020,8/28/2021,Statewide,1,,
Week 35,2021,2021,4/5/2025,7/18/2020,8/28/2021,Statewide,1,,"1,958"
Week 35,2022,2022,4/5/2025,7/18/2020,8/27/2022,Statewide,1,,
Week 35,2022,2022,4/5/2025,7/18/2020,8/27/2022,Statewide,1,,945
Week 35,2023,2023,4/5/2025,7/18/2020,9/2/2023,Statewide,1,,
Week 35,2023,2023,4/5/2025,7/18/2020,9/2/2023,Statewide,1,,393
Week 35,2024,2024,4/5/2025,7/18/2020,8/31/2024,Statewide,1,,
Week 35,2024,2024,4/5/2025,7/18/2020,8/31/2024,Statewide,1,,215
Week 36,2020,2020,4/5/2025,7/18/2020,9/5/2020,Statewide,1,,
Week 36,2020,2020,4/5/2025,7/18/2020,9/5/2020,Statewide,1,,522
Week 36,2021,2021,4/5/2025,7/18/2020,9/4/2021,Statewide,1,,
Week 36,2021,2021,4/5/2025,7/18/2020,9/4/2021,Statewide,1,,"2,169"
Week 36,2022,2022,4/5/2025,7/18/2020,9/3/2022,Statewide,1,,
Week 36,2022,2022,4/5/2025,7/18/2020,9/3/2022,Statewide,1,,870
Week 36,2023,2023,4/5/2025,7/18/2020,9/9/2023,Statewide,1,,
Week 36,2023,2023,4/5/2025,7/18/2020,9/9/2023,Statewide,1,,389
Week 36,2024,2024,4/5/2025,7/18/2020,9/7/2024,Statewide,1,,
Week 36,2024,2024,4/5/2025,7/18/2020,9/7/2024,Statewide,1,,250
Week 37,2020,2020,4/5/2025,7/18/2020,9/12/2020,Statewide,1,,
Week 37,2020,2020,4/5/2025,7/18/2020,9/12/2020,Statewide,1,,810
Week 37,2021,2021,4/5/2025,7/18/2020,9/11/2021,Statewide,1,,
Week 37,2021,2021,4/5/2025,7/18/2020,9/11/2021,Statewide,1,,"2,219"
Week 37,2022,2022,4/5/2025,7/18/2020,9/10/2022,Statewide,1,,
Week 37,2022,2022,4/5/2025,7/18/2020,9/10/2022,Statewide,1,,634
Week 37,2023,2023,4/5/2025,7/18/2020,9/16/2023,Statewide,1,,
Week 37,2023,2023,4/5/2025,7/18/2020,9/16/2023,Statewide,1,,351
Week 37,2024,2024,4/5/2025,7/18/2020,9/14/2024,Statewide,1,,
Week 37,2024,2024,4/5/2025,7/18/2020,9/14/2024,Statewide,1,,223
Week 38,2020,2020,4/5/2025,7/18/2020,9/19/2020,Statewide,1,,
Week 38,2020,2020,4/5/2025,7/18/2020,9/19/2020,Statewide,1,,565
Week 38,2021,2021,4/5/2025,7/18/2020,9/18/2021,Statewide,1,,
Week 38,2021,2021,4/5/2025,7/18/2020,9/18/2021,Statewide,1,,"2,050"
Week 38,2022,2022,4/5/2025,7/18/2020,9/17/2022,Statewide,1,,
Week 38,2022,2022,4/5/2025,7/18/2020,9/17/2022,Statewide,1,,557
Week 38,2023,2023,4/5/2025,7/18/2020,9/23/2023,Statewide,1,,
Week 38,2023,2023,4/5/2025,7/18/2020,9/23/2023,Statewide,1,,357
Week 38,2024,2024,4/5/2025,7/18/2020,9/21/2024,Statewide,1,,
Week 38,2024,2024,4/5/2025,7/18/2020,9/21/2024,Statewide,1,,157
Week 39,2020,2020,4/5/2025,7/18/2020,9/26/2020,Statewide,1,,
Week 39,2020,2020,4/5/2025,7/18/2020,9/26/2020,Statewide,1,,589
Week 39,2021,2021,4/5/2025,7/18/2020,9/25/2021,Statewide,1,,
Week 39,2021,2021,4/5/2025,7/18/2020,9/25/2021,Statewide,1,,"1,709"
Week 39,2022,2022,4/5/2025,7/18/2020,9/24/2022,Statewide,1,,
Week 39,2022,2022,4/5/2025,7/18/2020,9/24/2022,Statewide,1,,514
Week 39,2023,2023,4/5/2025,7/18/2020,9/30/2023,Statewide,1,,
Week 39,2023,2023,4/5/2025,7/18/2020,9/30/2023,Statewide,1,,411
Week 39,2024,2024,4/5/2025,7/18/2020,9/28/2024,Statewide,1,,
Week 39,2024,2024,4/5/2025,7/18/2020,9/28/2024,Statewide,1,,136
Week 40,2020,2020,4/5/2025,7/18/2020,10/3/2020,Statewide,1,,
Week 40,2020,2020,4/5/2025,7/18/2020,10/3/2020,Statewide,1,,788
Week 40,2021,2021,4/5/2025,7/18/2020,10/2/2021,Statewide,1,,
Week 40,2021,2021,4/5/2025,7/18/2020,10/2/2021,Statewide,1,,"1,483"
Week 40,2022,2022,4/5/2025,7/18/2020,10/1/2022,Statewide,1,,
Week 40,2022,2022,4/5/2025,7/18/2020,10/1/2022,Statewide,1,,367
Week 40,2023,2023,4/5/2025,7/18/2020,10/7/2023,Statewide,1,,
Week 40,2023,2023,4/5/2025,7/18/2020,10/7/2023,Statewide,1,,302
Week 40,2024,2024,4/5/2025,7/18/2020,10/5/2024,Statewide,1,,
Week 40,2024,2024,4/5/2025,7/18/2020,10/5/2024,Statewide,1,,118
Week 41,2020,2020,4/5/2025,7/18/2020,10/10/2020,Statewide,1,,
Week 41,2020,2020,4/5/2025,7/18/2020,10/10/2020,Statewide,1,,904
Week 41,2021,2021,4/5/2025,7/18/2020,10/9/2021,Statewide,1,,
Week 41,2021,2021,4/5/2025,7/18/2020,10/9/2021,Statewide,1,,"1,364"
Week 41,2022,2022,4/5/2025,7/18/2020,10/8/2022,Statewide,1,,
Week 41,2022,2022,4/5/2025,7/18/2020,10/8/2022,Statewide,1,,397
Week 41,2023,2023,4/5/2025,7/18/2020,10/14/2023,Statewide,1,,
Week 41,2023,2023,4/5/2025,7/18/2020,10/14/2023,Statewide,1,,302
Week 41,2024,2024,4/5/2025,7/18/2020,10/12/2024,Statewide,1,,
Week 41,2024,2024,4/5/2025,7/18/2020,10/12/2024,Statewide,1,,50
Week 42,2020,2020,4/5/2025,7/18/2020,10/17/2020,Statewide,1,,
Week 42,2020,2020,4/5/2025,7/18/2020,10/17/2020,Statewide,1,,992
Week 42,2021,2021,4/5/2025,7/18/2020,10/16/2021,Statewide,1,,
Week 42,2021,2021,4/5/2025,7/18/2020,10/16/2021,Statewide,1,,"1,216"
Week 42,2022,2022,4/5/2025,7/18/2020,10/15/2022,Statewide,1,,
Week 42,2022,2022,4/5/2025,7/18/2020,10/15/2022,Statewide,1,,405
Week 42,2023,2023,4/5/2025,7/18/2020,10/21/2023,Statewide,1,,
Week 42,2023,2023,4/5/2025,7/18/2020,10/21/2023,Statewide,1,,399
Week 42,2024,2024,4/5/2025,7/18/2020,10/19/2024,Statewide,1,,
Week 42,2024,2024,4/5/2025,7/18/2020,10/19/2024,Statewide,1,,16
Week 43,2020,2020,4/5/2025,7/18/2020,10/24/2020,Statewide,1,,
Week 43,2020,2020,4/5/2025,7/18/2020,10/24/2020,Statewide,1,,"1,250"
Week 43,2021,2021,4/5/2025,7/18/2020,10/23/2021,Statewide,1,,
Week 43,2021,2021,4/5/2025,7/18/2020,10/23/2021,Statewide,1,,"1,157"
Week 43,2022,2022,4/5/2025,7/18/2020,10/22/2022,Statewide,1,,
Week 43,2022,2022,4/5/2025,7/18/2020,10/22/2022,Statewide,1,,496
Week 43,2023,2023,4/5/2025,7/18/2020,10/28/2023,Statewide,1,,
Week 43,2023,2023,4/5/2025,7/18/2020,10/28/2023,Statewide,1,,362
Week 43,2024,2024,4/5/2025,7/18/2020,10/26/2024,Statewide,1,,
Week 43,2024,2024,4/5/2025,7/18/2020,10/26/2024,Statewide,1,,13
Week 44,2020,2020,4/5/2025,7/18/2020,10/31/2020,Statewide,1,,
Week 44,2020,2020,4/5/2025,7/18/2020,10/31/2020,Statewide,1,,"1,354"
Week 44,2021,2021,4/5/2025,7/18/2020,10/30/2021,Statewide,1,,
Week 44,2021,2021,4/5/2025,7/18/2020,10/30/2021,Statewide,1,,"1,087"
Week 44,2022,2022,4/5/2025,7/18/2020,10/29/2022,Statewide,1,,
Week 44,2022,2022,4/5/2025,7/18/2020,10/29/2022,Statewide,1,,543
Week 44,2023,2023,4/5/2025,7/18/2020,11/4/2023,Statewide,1,,
Week 44,2023,2023,4/5/2025,7/18/2020,11/4/2023,Statewide,1,,351
Week 44,2024,2024,4/5/2025,7/18/2020,11/2/2024,Statewide,1,,
Week 44,2024,2024,4/5/2025,7/18/2020,11/2/2024,Statewide,1,,20
Week 45,2020,2020,4/5/2025,7/18/2020,11/7/2020,Statewide,1,,
Week 45,2020,2020,4/5/2025,7/18/2020,11/7/2020,Statewide,1,,"1,655"
Week 45,2021,2021,4/5/2025,7/18/2020,11/6/2021,Statewide,1,,
Week 45,2021,2021,4/5/2025,7/18/2020,11/6/2021,Statewide,1,,"1,055"
Week 45,2022,2022,4/5/2025,7/18/2020,11/5/2022,Statewide,1,,
Week 45,2022,2022,4/5/2025,7/18/2020,11/5/2022,Statewide,1,,516
Week 45,2023,2023,4/5/2025,7/18/2020,11/11/2023,Statewide,1,,
Week 45,2023,2023,4/5/2025,7/18/2020,11/11/2023,Statewide,1,,410
Week 45,2024,2024,4/5/2025,7/18/2020,11/9/2024,Statewide,1,,
Week 45,2024,2024,4/5/2025,7/18/2020,11/9/2024,Statewide,1,,50
Week 46,2020,2020,4/5/2025,7/18/2020,11/14/2020,Statewide,1,,
Week 46,2020,2020,4/5/2025,7/18/2020,11/14/2020,Statewide,1,,"2,218"
Week 46,2021,2021,4/5/2025,7/18/2020,11/13/2021,Statewide,1,,
Week 46,2021,2021,4/5/2025,7/18/2020,11/13/2021,Statewide,1,,"1,310"
Week 46,2022,2022,4/5/2025,7/18/2020,11/12/2022,Statewide,1,,
Week 46,2022,2022,4/5/2025,7/18/2020,11/12/2022,Statewide,1,,515
Week 46,2023,2023,4/5/2025,7/18/2020,11/18/2023,Statewide,1,,
Week 46,2023,2023,4/5/2025,7/18/2020,11/18/2023,Statewide,1,,438
Week 46,2024,2024,4/5/2025,7/18/2020,11/16/2024,Statewide,1,,
Week 46,2024,2024,4/5/2025,7/18/2020,11/16/2024,Statewide,1,,43
Week 47,2020,2020,4/5/2025,7/18/2020,11/21/2020,Statewide,1,,
Week 47,2020,2020,4/5/2025,7/18/2020,11/21/2020,Statewide,1,,"2,501"
Week 47,2021,2021,4/5/2025,7/18/2020,11/20/2021,Statewide,1,,
Week 47,2021,2021,4/5/2025,7/18/2020,11/20/2021,Statewide,1,,"1,547"
Week 47,2022,2022,4/5/2025,7/18/2020,11/19/2022,Statewide,1,,
Week 47,2022,2022,4/5/2025,7/18/2020,11/19/2022,Statewide,1,,538
Week 47,2023,2023,4/5/2025,7/18/2020,11/25/2023,Statewide,1,,
Week 47,2023,2023,4/5/2025,7/18/2020,11/25/2023,Statewide,1,,799
Week 47,2024,2024,4/5/2025,7/18/2020,11/23/2024,Statewide,1,,
Week 47,2024,2024,4/5/2025,7/18/2020,11/23/2024,Statewide,1,,43
Week 48,2020,2020,4/5/2025,7/18/2020,11/28/2020,Statewide,1,,
Week 48,2020,2020,4/5/2025,7/18/2020,11/28/2020,Statewide,1,,"2,536"
Week 48,2021,2021,4/5/2025,7/18/2020,11/27/2021,Statewide,1,,
Week 48,2021,2021,4/5/2025,7/18/2020,11/27/2021,Statewide,1,,"1,832"
Week 48,2022,2022,4/5/2025,7/18/2020,11/26/2022,Statewide,1,,
Week 48,2022,2022,4/5/2025,7/18/2020,11/26/2022,Statewide,1,,593
Week 48,2023,2023,4/5/2025,7/18/2020,12/2/2023,Statewide,1,,
Week 48,2023,2023,4/5/2025,7/18/2020,12/2/2023,Statewide,1,,816
Week 48,2024,2024,4/5/2025,7/18/2020,11/30/2024,Statewide,1,,
Week 48,2024,2024,4/5/2025,7/18/2020,11/30/2024,Statewide,1,,45
Week 49,2020,2020,4/5/2025,7/18/2020,12/5/2020,Statewide,1,,
Week 49,2020,2020,4/5/2025,7/18/2020,12/5/2020,Statewide,1,,"2,576"
Week 49,2021,2021,4/5/2025,7/18/2020,12/4/2021,Statewide,1,,
Week 49,2021,2021,4/5/2025,7/18/2020,12/4/2021,Statewide,1,,"2,273"
Week 49,2022,2022,4/5/2025,7/18/2020,12/3/2022,Statewide,1,,
Week 49,2022,2022,4/5/2025,7/18/2020,12/3/2022,Statewide,1,,781
Week 49,2023,2023,4/5/2025,7/18/2020,12/9/2023,Statewide,1,,
Week 49,2023,2023,4/5/2025,7/18/2020,12/9/2023,Statewide,1,,840
Week 49,2024,2024,4/5/2025,7/18/2020,12/7/2024,Statewide,1,,
Week 49,2024,2024,4/5/2025,7/18/2020,12/7/2024,Statewide,1,,36
Week 50,2020,2020,4/5/2025,7/18/2020,12/12/2020,Statewide,1,,
Week 50,2020,2020,4/5/2025,7/18/2020,12/12/2020,Statewide,1,,"2,625"
Week 50,2021,2021,4/5/2025,7/18/2020,12/11/2021,Statewide,1,,
Week 50,2021,2021,4/5/2025,7/18/2020,12/11/2021,Statewide,1,,"2,554"
Week 50,2022,2022,4/5/2025,7/18/2020,12/10/2022,Statewide,1,,
Week 50,2022,2022,4/5/2025,7/18/2020,12/10/2022,Statewide,1,,891
Week 50,2023,2023,4/5/2025,7/18/2020,12/16/2023,Statewide,1,,
Week 50,2023,2023,4/5/2025,7/18/2020,12/16/2023,Statewide,1,,860
Week 50,2024,2024,4/5/2025,7/18/2020,12/14/2024,Statewide,1,,
Week 50,2024,2024,4/5/2025,7/18/2020,12/14/2024,Statewide,1,,60
Week 51,2020,2020,4/5/2025,7/18/2020,12/19/2020,Statewide,1,,
Week 51,2020,2020,4/5/2025,7/18/2020,12/19/2020,Statewide,1,,"2,584"
Week 51,2021,2021,4/5/2025,7/18/2020,12/18/2021,Statewide,1,,
Week 51,2021,2021,4/5/2025,7/18/2020,12/18/2021,Statewide,1,,"2,579"
Week 51,2022,2022,4/5/2025,7/18/2020,12/17/2022,Statewide,1,,
Week 51,2022,2022,4/5/2025,7/18/2020,12/17/2022,Statewide,1,,887
Week 51,2023,2023,4/5/2025,7/18/2020,12/23/2023,Statewide,1,,
Week 51,2023,2023,4/5/2025,7/18/2020,12/23/2023,Statewide,1,,963
Week 51,2024,2024,4/5/2025,7/18/2020,12/21/2024,Statewide,1,,
Week 51,2024,2024,4/5/2025,7/18/2020,12/21/2024,Statewide,1,,63
Week 52,2020,2020,4/5/2025,7/18/2020,12/26/2020,Statewide,1,,
Week 52,2020,2020,4/5/2025,7/18/2020,12/26/2020,Statewide,1,,"2,287"
Week 52,2021,2021,4/5/2025,7/18/2020,12/25/2021,Statewide,1,,
Week 52,2021,2021,4/5/2025,7/18/2020,12/25/2021,Statewide,1,,"2,522"
Week 52,2022,2022,4/5/2025,7/18/2020,12/24/2022,Statewide,1,,
Week 52,2022,2022,4/5/2025,7/18/2020,12/24/2022,Statewide,1,,877
Week 52,2023,2023,4/5/2025,7/18/2020,12/30/2023,Statewide,1,,
Week 52,2023,2023,4/5/2025,7/18/2020,12/30/2023,Statewide,1,,"1,262"
Week 52,2024,2024,4/5/2025,7/18/2020,12/28/2024,Statewide,1,,
Week 52,2024,2024,4/5/2025,7/18/2020,12/28/2024,Statewide,1,,82
Week 53,2022,2022,4/5/2025,7/18/2020,12/31/2022,Statewide,1,,
Week 53,2022,2022,4/5/2025,7/18/2020,12/31/2022,Statewide,1,,962
